"","stim","stim_condition","music","music_condition","trial_type"
"1","A strong - wind blew - across the - empty field - carrying - the scent - of fresh - lavender","0","Ci4","1",1
"2","Firefighters - run into - burning buildings - to protect - those who - need - medical - insurance","1","Cc7","0",1
"3","Congruent 15","0","Ci1","1",0
"4","Incongruent 17","1","Ci3","1",0
"5","Incongruent 1","1","Ci2","1",0
"6","Congruent 20","0","Ci7","1",0
"7","He - always - wakes up - at sunrise - to take - a refreshing - morning - run","0","Ci1","1",1
"8","Congruent 8","0","Cc5","0",0
"9","Congruent 12","0","Cc1","0",0
"10","Since - I am - a good - man - I - don’t - want - salads","1","Ci3","1",1
"11","The - abandoned - house - had been - empty for - five - seconds","1","Ci1","1",1
"12","The scientist - made a - surprising discovery - that changed - everything - in her - research - forever","0","Ci2","1",1
"13","Congruent 10","0","Cc4","0",0
"14","The dog - wagged - its tail - excitedly - when he - saw his - favorite - toy","0","Cc1","0",1
"15","Congruent 13","0","Ci1","1",0
"16","Scrabble - is a - wondeful - game - to play - with - my - donkey","1","Cc3","0",1
"17","The baker - loves - his job - a lot - because - he - likes - cats","1","Ci5","1",1
"18","Congruent 1","0","Cc7","0",0
"19","Congruent 3","0","Cc6","0",0
"20","Mermaids - are known - for their - amazing - voices - echoing - across - endless oceans","0","Cc2","0",1
"21","She - carefully - folded - the letter - and placed - it inside - her old - notebook","0","Cc5","0",1
"22","Congruent 11","0","Cc3","0",0
"23","Repair shops -  focus on - repairing - car engines - to enhance - the performance -  of - public speaking","1","Cc5","0",1
"24","The farmer - wakes up - at sunrise -  every morning - to foster -  creativity - among young - musicians","1","Ci5","1",1
"25","Small - rivers - flow - gently - toward - endless, - deep, - questions","1","Cc3","0",1
"26","The - library - that stood - at the - corner - was - very - asleep","1","Ci7","1",1
"27","Congruent 14","0","Cc3","0",0
"28","The cat - jumped - onto the - windowsill - and stared - at the - birds - outside","0","Ci4","1",1
"29","He - was lost - in thought - as he - stared at - the waves - crashing - on shore","0","Ci7","1",1
"30","Incongruent 7","1","Cc7","0",0
"31","Congruent 9","0","Ci5","1",0
"32","Since - I have - excellent - vision - I - always - misplace - my glasses","1","Cc2","0",1
"33","We - went - to the park - yesterday - and saw - a big - group of - squirrels","0","Cc1","0",1
"34","The artist - spent hours - mixing colors - to create - the perfect - shade of - deep blue","0","Ci3","1",1
"35","One Direction - was - a successful - group - of - musically - talented - pidgeons","1","Cc6","0",1
"36","The rain - poured - heavily - as we - ran through - the narrow - cobbled - streets","0","Cc6","0",1
"37","I - have never - seen a - more beautiful - sunset - than the - one last - summer","0","Cc7","0",1
"38","The - economic - situation - in the - country - has - become - yellow","1","Cc4","0",1
"39","Congruent 19","0","Cc2","0",0
"40","Learning - a new - language - is both - challenging - and very - rewarding - over time","0","Ci6","1",1
"41","Congruent 16","0","Cc6","0",0
"42","Incongruent 2","1","Ci1","1",0
"43","Incongruent 4","1","Cc6","0",0
"44","Incongruent 20","1","Ci5","1",0
"45","Incongruent 6","1","Ci4","1",0
"46","Incongruent 8","1","Cc2","0",0
"47","Incongruent 9","1","Ci4","1",0
"48","Large - dog breeds - are - very - different - from - other - stones","1","Cc1","0",1
"49","Incongruent 12","1","Cc3","0",0
"50","Incongruent 16","1","Cc7","0",0
"51","Congruent 18","0","Ci6","1",0
"52","The - man - who walked - down - the street - was - very - purple","1","Ci2","1",1
"53","I - love - the smell - of fresh - coffee - in the - early - morning","0","Cc3","0",1
"54","She - enjoys - reading books - about space - and time - before - going - to bed","0","Cc7","0",1
"55","Incongruent 5","1","Ci2","1",0
"56","Congruent 2","0","Ci3","1",0
"57","He - plays - the piano - every night - to relax - after - a long - workday","0","Cc4","0",1
"58","Incongruent 19","1","Cc5","0",0
"59","The festival - was full - of music, - laughter, - and delicious - street food - everywhere","0","Ci4","1",1
"60","Incongruent 11","1","Ci3","1",0
"61","Incongruent 3","1","Cc2","0",0
"62","My best - friend - has always - been - severely  - allergic - to -  floors","1","Cc5","0",1
"63","Congruent 7","0","Ci2","1",0
"64","Incongruent 10","1","Cc4","0",0
"65","Incongruent 14","1","Cc1","0",0
"66","The train - arrived - at the station - exactly - on time - without - any delays - today","0","Ci1","1",1
"67","They - traveled - across Europe - by train - and met - many - interesting - people","0","Cc6","0",1
"68","Incongruent 18","1","Ci7","1",0
"69","Big - hospitals - provide - excellent -  care - for -  robots","1","Cc4","0",1
"70","Incongruent 15","1","Cc1","0",0
"71","Congruent 5","0","Ci5","1",0
"72","Congruent 17","0","Ci6","1",0
"73","Speaking - confidently - is - an important - way - to build - silent - arguments","1","Cc2","0",1
"74","Congruent 6","0","Cc4","0",0
"75","Congruent 4","0","Ci4","1",0
"76","The chef - carefully - prepares - gourmet meals - that benefit - those with - a strong - education","1","Ci3","1",1
"77","The man - drove - to the - amusement park - in - his -  new - roller coaster","1","Ci2","1",1
"78","She - found - an old - letter hidden - inside - a dusty - wooden - drawer","0","Ci6","1",1
"79","Incongruent 13","1","Cc5","0",0
"80","Work - is -  an important - part - of - the daily - life of - cats","1","Ci5","1",1
