"","stim","stim_condition","music","music_condition","trial_type"
"1","The scientist - made a - surprising discovery - that changed - everything - in her - research - forever","0","Ci3","1",1
"2","Congruent 20","0","Cc5","0",0
"3","Mermaids - are known - for their - amazing - voices - echoing - across - endless oceans","0","Cc6","0",1
"4","Large - dog breeds - are - very - different - from - other - stones","1","Ci2","1",1
"5","Congruent 11","0","Cc3","0",0
"6","Incongruent 15","1","Cc4","0",0
"7","Since - I have - excellent - vision - I - always - misplace - my glasses","1","Ci1","1",1
"8","Incongruent 8","1","Cc6","0",0
"9","The dog - wagged - its tail - excitedly - when he - saw his - favorite - toy","0","Cc3","0",1
"10","Incongruent 7","1","Ci7","1",0
"11","Incongruent 11","1","Ci6","1",0
"12","Firefighters - run into - burning buildings - to protect - those who - need - medical - insurance","1","Ci4","1",1
"13","Incongruent 9","1","Cc6","0",0
"14","Congruent 13","0","Cc2","0",0
"15","The - man - who walked - down - the street - was - very - purple","1","Cc3","0",1
"16","I - have never - seen a - more beautiful - sunset - than the - one last - summer","0","Ci2","1",1
"17","Incongruent 1","1","Cc3","0",0
"18","The rain - poured - heavily - as we - ran through - the narrow - cobbled - streets","0","Ci1","1",1
"19","Incongruent 14","1","Cc5","0",0
"20","Big - hospitals - provide - excellent -  care - for -  robots","1","Ci6","1",1
"21","The artist - spent hours - mixing - colors - to create - the perfect - shade of - deep blue","0","Cc5","0",1
"22","Speaking - confidently - is - an important - way - to build - silent - arguments","1","Cc3","0",1
"23","Congruent 16","0","Ci4","1",0
"24","Scrabble - is a - wondeful - game - to play - with - my - donkey","1","Cc1","0",1
"25","Incongruent 5","1","Ci2","1",0
"26","We - went - to the park - yesterday - and saw - a big - group of - squirrels","0","Ci5","1",1
"27","Repair shops -  focus on - repairing - car engines - to enhance - the performance -  of - public speaking","1","Cc7","0",1
"28","Incongruent 19","1","Cc4","0",0
"29","Congruent 9","0","Ci1","1",0
"30","Learning - a new - language - is both - challenging - and very - rewarding - over time","0","Cc5","0",1
"31","The baker - loves - his job - a lot - because - he - likes - cats","1","Ci7","1",1
"32","He - plays - the piano - every night - to relax - after - a long - workday","0","Cc4","0",1
"33","Incongruent 17","1","Ci3","1",0
"34","I - love - the smell - of fresh - coffee - in the - early - morning","0","Cc2","0",1
"35","Congruent 10","0","Ci3","1",0
"36","Congruent 12","0","Ci1","1",0
"37","Since - I am - a good - man - I - don’t - want - salads","1","Cc2","0",1
"38","Small - rivers - flow - gently - toward - endless, - deep, - questions","1","Ci7","1",1
"39","Incongruent 2","1","Cc1","0",0
"40","The cat - jumped - onto the - windowsill - and stared - at the - birds - outside","0","Ci6","1",1
"41","Congruent 17","0","Ci5","1",0
"42","They - traveled - across Europe - by train - and met - many - interesting - people","0","Ci2","1",1
"43","Incongruent 18","1","Cc7","0",0
"44","Congruent 18","0","Ci5","1",0
"45","Congruent 7","0","Cc1","0",0
"46","Work - is -  an important - part - of - the daily - life of - cats","1","Ci4","1",1
"47","Incongruent 3","1","Cc5","0",0
"48","My best - friend - has always - been - severely  - allergic - to -  floors","1","Cc1","0",1
"49","Congruent 8","0","Ci7","1",0
"50","Congruent 1","0","Cc4","0",0
"51","The - library - that stood - at the - corner - was - very - asleep","1","Cc5","0",1
"52","One Direction - was - a successful - group - of - musically - talented - pidgeons","1","Cc7","0",1
"53","The festival - was full - of music, - laughter, - and - delicious - street food - everywhere","0","Ci5","1",1
"54","Incongruent 20","1","Cc7","0",0
"55","Incongruent 4","1","Ci2","1",0
"56","Congruent 14","0","Cc1","0",0
"57","She - enjoys - reading books - about space - and time - before - going - to bed","0","Cc7","0",1
"58","Incongruent 6","1","Ci5","1",0
"59","The train - arrived - at the station - exactly - on time - without - any delays - today","0","Cc4","0",1
"60","She - found - an old - letter hidden - inside - a dusty - wooden - drawer","0","Cc6","0",1
"61","Incongruent 12","1","Ci4","1",0
"62","The farmer - wakes up - at sunrise -  every morning - to foster -  creativity - among young - musicians","1","Ci1","1",1
"63","Congruent 6","0","Ci3","1",0
"64","Incongruent 10","1","Cc2","0",0
"65","Congruent 4","0","Ci6","1",0
"66","The - abandoned - house - had been - empty - for - five - seconds","1","Cc1","0",1
"67","The chef - carefully - prepares - gourmet meals - that benefit - those with - a strong - education","1","Ci3","1",1
"68","Congruent 2","0","Ci2","1",0
"69","Congruent 15","0","Cc3","0",0
"70","The man - drove - to the - amusement park - in - his -  new - roller coaster","1","Cc2","0",1
"71","She - carefully - folded - the letter - and placed - it inside - her old - notebook","0","Ci4","1",1
"72","Incongruent 13","1","Cc6","0",0
"73","Incongruent 16","1","Cc7","0",0
"74","Incongruent 6","1","Ci5","1",0
"75","He - was lost - in thought - as he - stared at - the waves - crashing - on shore","0","Cc4","0",1
"76","Congruent 3","0","Ci1","1",0
"77","A strong - wind blew - across the - empty field - carrying - the scent - of fresh - lavender","0","Ci3","1",1
"78","Congruent 19","0","Ci4","1",0
"79","He - always - wakes up - at sunrise - to take - a refreshing - morning - run","0","Cc6","0",1
"80","The - economic - situation - in the - country - has - become - yellow","1","Ci5","1",1
